Year,CO2 molfrac
(decimal),(ppm)
1974.3795,333.34
1974.3986,332.95
1974.4178,332.32
1974.437,332.18
1974.4562,332.37
1974.4753,331.59
1974.4945,331.68
1974.5137,331.44
1974.5329,330.85
1974.5521,330.76
1974.5712,329.8
1974.5904,329.85
1974.6096,329.05
1974.6288,329.06
1974.6479,328.33
1974.6671,328.05
1974.6863,327.57
1974.7055,326.73
1974.7247,326.96
1974.7438,327.31
1974.763,327.07
1974.7822,327.23
1974.8014,327.4
1974.8205,327.64
1974.8397,327.8
1974.8589,328.5
1974.8781,328.56
1974.8973,328.46
1974.9164,328.76
1974.9356,329.39
1974.9548,329.77
1974.974,329.96
1974.9932,330.38
1975.0123,330.43
1975.0315,330.59
1975.0507,330.8
1975.0699,331.22
1975.089,331.64
1975.1082,331.12
1975.1274,331.41
1975.1466,331.96
1975.1658,331.73
1975.1849,331.61
1975.2041,332.11
1975.2233,331.86
1975.2425,333.3
1975.2616,332.79
1975.2808,333.31
1975.3,333.39
1975.3192,333.49
1975.3384,333.94
1975.3575,334.25
1975.3767,333.45
1975.3959,334
1975.4151,333.96
1975.4342,333.32
1975.4534,333.22
1975.4726,333.47
1975.4918,333.01
1975.511,332.32
1975.5301,331.83
1975.5493,331.36
1975.5685,331.21
1975.5877,331.01
1975.6068,330.38
1975.626,329.48
1975.6452,328.73
1975.6644,329.24
1975.6836,329.42
1975.7027,327.95
1975.7219,327.96
1975.7411,327.97
1975.7603,327.97
1975.7795,328.35
1975.7986,328.63
1975.8178,328.8
1975.837,329.03
1975.8562,329.01
1975.8753,329.25
1975.8945,330.18
1975.9137,329.72
1975.9329,329.72
1976.0096,331.33
1976.0287,331.62
1976.0478,331.66
1976.0669,331.87
1976.0861,332.45
1976.1052,332.51
1976.1243,332.64
1976.1434,333.49
1976.1626,332.43
1976.1817,332.99
1976.2008,333.56
1976.2199,334.15
1976.2391,334.67
1976.2582,335.06
1976.2773,333.65
1976.2964,334.5
1976.3156,334.93
1976.3347,334.17
1976.3538,334.33
1976.373,335.29
1976.3921,335.38
1976.4112,334.43
1976.4303,334.25
1976.4495,334.18
1976.4686,334.02
1976.4877,334.02
1976.5068,333.59
1976.526,333.48
1976.5451,332.41
1976.5642,332.24
1976.5833,331.69
1976.6025,330.7
1976.6216,330.44
1976.6407,330.23
1976.6598,330.43
1976.679,329.54
1976.6981,329.54
1976.7172,328.58
1976.7363,328.03
1976.7555,328.55
1976.7746,328.54
1976.7937,329.27
1976.8128,328.77
1976.832,329.32
1976.8511,330.46
1976.8702,330.17
1976.8893,330.55
1976.9085,330.68
1976.9276,331.19
1976.9467,332.39
1976.9658,331.7
1976.985,332.39
1977.0041,332.29
1977.0233,332.49
1977.0425,332.88
1977.0616,332.98
1977.0808,332.93
1977.1,333.21
1977.1192,333.15
1977.1384,333.09
1977.1575,334.34
1977.1767,334.27
1977.1959,335.18
1977.2151,335.32
1977.2342,335.16
1977.2534,335.96
1977.2726,335.85
1977.2918,336.3
1977.311,336.58
1977.3301,337
1977.3493,336.58
1977.3685,337.14
1977.3877,336.97
1977.4068,336.63
1977.426,336.12
1977.4452,336.01
1977.4644,336.34
1977.4836,335.74
1977.5027,335.46
1977.5219,335.23
1977.5411,334.59
1977.5603,334.09
1977.5795,333.42
1977.5986,332.54
1977.6178,332.84
1977.637,331.82
1977.6562,332.25
1977.6753,331.18
1977.6945,331.49
1977.7137,330.94
1977.7329,330.92
1977.7521,330.93
1977.7712,331.54
1977.7904,331.27
1977.8096,331.36
1977.8288,331.87
1977.8479,332.08
1977.8671,332.53
1977.8863,332.92
1977.9055,332.65
1977.9247,333.34
1977.9438,333.4
1977.963,334.03
1977.9822,333.99
1978.0014,334.66
1978.0205,334.56
1978.0397,334.94
1978.0589,335.68
1978.0781,335.23
1978.0973,334.74
1978.1164,335.27
1978.1356,335.5
1978.1548,335.95
1978.174,336.06
1978.1932,336.73
1978.2123,336.91
1978.2315,337.29
1978.2507,337.33
1978.2699,338
1978.289,337.62
1978.3082,337.87
1978.3274,338.27
1978.3466,338.04
1978.3658,337.89
1978.3849,337.79
1978.4041,338.44
1978.4233,338.46
1978.4425,338.12
1978.4616,337.62
1978.4808,337.47
1978.5,336.55
1978.5192,336.79
1978.5384,336.34
1978.5575,335.74
1978.5767,335.43
1978.5959,334.64
1978.6151,334.69
1978.6342,334.21
1978.6534,333.78
1978.6726,332.81
1978.6918,331.86
1978.711,331.75
1978.7301,332.81
1978.7493,332.21
1978.7685,331.85
1978.7877,332.66
1978.8068,332.77
1978.826,333.22
1978.8452,333.57
1978.8644,333.6
1978.8836,334.12
1978.9027,334.1
1978.9219,334.46
1978.9411,334.96
1978.9603,335.2
1978.9795,335.07
1978.9986,335.2
1979.0178,335.48
1979.037,336.64
1979.0562,336.93
1979.0753,337.02
1979.0945,336.61
1979.1137,336.52
1979.1329,336.76
1979.1521,336.97
1979.1712,337.93
1979.1904,338.1
1979.2096,338.65
1979.2288,338.97
1979.2479,338.87
1979.2671,338.78
1979.2863,338.77
1979.3055,339.38
1979.3247,339.56
1979.3438,338.6
1979.363,339.19
1979.3822,339.19
1979.4014,339.8
1979.4205,339.74
1979.4397,339.03
1979.4589,339.13
1979.4781,338.92
1979.4973,338.14
1979.5164,337.7
1979.5356,337.91
1979.5548,336.67
1979.574,336.84
1979.5932,336.35
1979.6123,336.18
1979.6315,334.81
1979.6507,335.25
1979.6699,333.74
1979.689,334.4
1979.7082,333.61
1979.7274,333.61
1979.7466,334.1
1979.7658,334.53
1979.7849,334.09
1979.8041,334.12
1979.8233,334.54
1979.8425,334.8
1979.8616,335.34
1979.8808,335.63
1979.9,335.88
1979.9192,336.39
1979.9384,336.72
1979.9575,337.01
1979.9767,337.18
1979.9959,337.53
1980.015,337.4
1980.0342,337.71
1980.0533,338.65
1980.0724,337.89
1980.0915,338.47
1980.1107,338.19
1980.1298,338.35
1980.1489,338.91
1980.168,339.51
1980.1872,339.83
1980.2063,339.51
1980.2254,340.84
1980.2445,340.64
1980.2637,340.76
1980.2828,340.98
1980.3019,341.15
1980.321,341.35
1980.3402,341.39
1980.3593,341.71
1980.3784,341.45
1980.3975,341.32
1980.4167,341.64
1980.4358,341.61
1980.4549,341.5
1980.474,340.76
1980.4932,340.4
1980.5123,339.42
1980.5314,339.31
1980.5505,338.77
1980.5697,338.81
1980.5888,336.78
1980.6079,338.07
1980.627,338.36
1980.6462,337.21
1980.6653,336.9
1980.6844,336.24
1980.7036,336.24
1980.7227,335.36
1980.7418,335.99
1980.7609,335.72
1980.7801,336.11
1980.7992,336.51
1980.8183,336.69
1980.8374,336.97
1980.8566,337.49
1980.8757,337.2
1980.8948,337.64
1980.9139,337.88
1980.9331,338.11
1980.9522,338.5
1980.9713,338.52
1980.9904,338.6
1981.0096,339.12
1981.0288,339.25
1981.0479,339.55
1981.0671,339.67
1981.0863,339.89
1981.1055,340.7
1981.1247,340.18
1981.1438,341.34
1981.163,341.23
1981.1822,340.97
1981.2014,341.53
1981.2205,342.49
1981.2397,342.23
1981.2589,342.62
1981.2781,342.8
1981.2973,342.54
1981.3164,342.71
1981.3356,343.08
1981.3548,343.04
1981.374,342.95
1981.3932,343
1981.4123,342.87
1981.4315,342.83
1981.4507,342.4
1981.4699,342.19
1981.489,341.71
1981.5082,341.3
1981.5274,340.54
1981.5466,340.72
1981.5658,340.05
1981.5849,339.3
1981.6041,338.98
1981.6233,338.18
1981.6425,337.25
1981.6616,337.6
1981.6808,337.1
1981.7,336.92
1981.7192,336.84
1981.7384,336.24
1981.7575,336.66
1981.7767,337.11
1981.7959,337.22
1981.8151,337.68
1981.8342,338.13
1981.8534,338.29
1981.8726,338.43
1981.8918,339.23
1981.911,339.72
1981.9301,339.7
1981.9493,339.64
1981.9685,340.03
1981.9877,340.51
1982.0068,340.59
1982.026,340.75
1982.0452,340.8
1982.0644,341.64
1982.0836,341.77
1982.1027,341.58
1982.1219,341.34
1982.1411,341.97
1982.1603,342.71
1982.1795,342.47
1982.1986,342.71
1982.2178,342.71
1982.237,342.84
1982.2562,343.37
1982.2753,343.37
1982.3137,344.91
1982.3329,344.24
1982.3521,344.81
1982.3712,344.67
1982.3904,344.81
1982.4096,343.96
1982.4288,344.05
1982.4479,344.07
1982.4671,343.4
1982.4863,343.28
1982.5055,342.91
1982.5247,342.27
1982.5438,342.09
1982.563,341.76
1982.5822,341.06
1982.6014,340.6
1982.6205,340.43
1982.6397,339.15
1982.6589,338.88
1982.6781,338.74
1982.6973,338.96
1982.7164,337.24
1982.7356,337.51
1982.7548,337.81
1982.774,337.96
1982.7932,338.25
1982.8123,339.22
1982.8315,339.02
1982.8507,339.26
1982.8699,339.56
1982.889,340.37
1982.9082,339.82
1982.9274,340.57
1982.9466,340.81
1982.9658,341.35
1982.9849,341.42
1983.0041,341.69
1983.0233,342.18
1983.0425,341.44
1983.0616,341.72
1983.0808,342.08
1983.1,342.78
1983.1192,343.05
1983.1384,343.03
1983.1575,342.71
1983.1767,342.63
1983.1959,343.74
1983.2151,344.93
1983.2342,343.74
1983.2534,344.74
1983.2726,345.03
1983.2918,345.6
1983.311,345.82
1983.3301,345.64
1983.3493,345.94
1983.3685,346.36
1983.3877,346.07
1983.4068,345.95
1983.426,346.09
1983.4452,345.73
1983.4644,345.39
1983.4836,344.96
1983.5027,345.02
1983.5219,344.31
1983.5411,344.1
1983.5603,343.39
1983.5795,342.75
1983.5986,342.75
1983.6178,342.06
1983.637,341.89
1983.6562,340.95
1983.6753,340.34
1983.6945,340.23
1983.7137,340.29
1983.7329,340.39
1983.7521,339.98
1983.7712,340.2
1983.7904,340.82
1983.8096,340.67
1983.8288,341.07
1983.8479,341.37
1983.8671,341.66
1983.8863,341.71
1983.9055,342.24
1983.9247,342.48
1983.9438,342.74
1983.963,343.43
1983.9822,343.63
1984.0014,344.09
1984.0205,343.78
1984.0396,343.98
1984.0587,344.39
1984.0779,344.59
1984.097,344.86
1984.1161,344.67
1984.1352,344.98
1984.1544,344.91
1984.1735,345.23
1984.1926,345.52
1984.2117,345.66
1984.2309,345.76
1984.25,345.76
1984.3265,347.6
1984.3456,347.36
1984.3648,347.86
1984.3839,347.53
1984.403,347.51
1984.4221,347.07
1984.4413,347.36
1984.4604,346.97
1984.4795,346.5
1984.4986,346.21
1984.5178,346.07
1984.5369,345.35
1984.556,344.89
1984.5751,344.74
1984.5943,344.35
1984.6134,344.12
1984.6325,343.05
1984.6516,342.12
1984.6708,340.88
1984.6899,341.1
1984.709,341.87
1984.7281,341.24
1984.7473,341.9
1984.7664,341.16
1984.7855,341.99
1984.8046,341.91
1984.8238,342.06
1984.8429,342.6
1984.862,343.08
1984.8811,343.53
1984.9003,343.48
1984.9194,343.48
1984.9385,344.64
1984.9577,344.93
1984.9768,344.7
1984.9959,345.24
1985.0151,345.3
1985.0342,345.18
1985.0534,345.18
1985.0726,345.62
1985.0918,346.01
1985.111,345.72
1985.1301,346.49
1985.1493,346.72
1985.1685,347.21
1985.1877,347.57
1985.2068,347.92
1985.226,348.34
1985.2452,348.23
1985.2644,348.24
1985.2836,347.94
1985.3027,348.69
1985.3219,348.96
1985.3411,349.24
1985.3603,349.1
1985.3795,349.07
1985.3986,348.91
1985.4178,348.86
1985.437,348.55
1985.4562,348.37
1985.4753,347.79
1985.4945,347.24
1985.5137,347.1
1985.5329,346.89
1985.5521,346.47
1985.5712,345.86
1985.5904,345.33
1985.6096,344.23
1985.6288,344.61
1985.6479,344.76
1985.6671,344.14
1985.6863,343.61
1985.7055,343.38
1985.7247,342.29
1985.7438,342.34
1985.763,342.92
1985.7822,342.95
1985.8014,343.48
1985.8205,343.75
1985.8397,343.76
1985.8589,344.36
1985.8781,344.81
1985.8973,345.29
1985.9164,345.29
1985.9356,345.9
1985.9548,345.88
1985.974,346.04
1985.9932,346.68
1986.0123,346.55
1986.0315,346.41
1986.0507,346.78
1986.0699,346.5
1986.089,346.93
1986.1082,347.22
1986.1274,347.63
1986.1466,347.44
1986.1658,346.98
1986.1849,347.11
1986.2041,347.88
1986.2233,349.34
1986.2425,349.01
1986.2616,349.6
1986.2808,349.79
1986.3,350.08
1986.3192,350.51
1986.3384,350.17
1986.3575,350.59
1986.3767,350.64
1986.3959,350.1
1986.4151,350.3
1986.4342,350.29
1986.4534,350.04
1986.4726,349.58
1986.4918,349.05
1986.511,348.81
1986.5301,347.61
1986.5493,347.86
1986.5685,347.74
1986.5877,346.7
1986.6068,346.21
1986.626,345.66
1986.6452,345.65
1986.6644,345.22
1986.6836,345.64
1986.7027,345.74
1986.7219,344.44
1986.7411,344.86
1986.7603,344.17
1986.7795,344.37
1986.7986,344.46
1986.8178,345.27
1986.837,345.47
1986.8562,345.98
1986.8753,345.91
1986.8945,346.27
1986.9137,347.12
1986.9329,347.04
1986.9521,347.09
1986.9712,347.23
1986.9904,347.57
1987.0096,348.05
1987.0288,348.79
1987.0479,348.55
1987.0671,348.97
1987.0863,348.41
1987.1055,348.19
1987.1247,348.91
1987.1438,349.55
1987.163,349.08
1987.1822,349.43
1987.2014,350
1987.2205,350.38
1987.2397,351.1
1987.2589,350.74
1987.2781,351.07
1987.2973,351.63
1987.3164,351.73
1987.3356,352.14
1987.3548,352.07
1987.374,352.02
1987.3932,352.32
1987.4123,352.11
1987.4315,351.74
1987.4507,351.35
1987.4699,351.35
1987.489,350.58
1987.5082,350.77
1987.5274,349.69
1987.5466,350.21
1987.5658,349.72
1987.5849,347.29
1987.6041,348.77
1987.6233,348.22
1987.6425,347.77
1987.6616,346.8
1987.6808,346.55
1987.7,346.81
1987.7192,345.76
1987.7384,346.22
1987.7575,346.36
1987.7767,346.56
1987.7959,346.96
1987.8151,346.89
1987.8342,347.38
1987.8534,347.51
1987.8726,348.07
1987.8918,348.71
1987.911,348.75
1987.9301,348.73
1987.9493,349.23
1987.9685,349.37
1987.9877,349.76
1988.0068,350.14
1988.026,350.28
1988.0451,350.54
1988.0642,350.71
1988.0833,351.72
1988.1025,351.26
1988.1216,351.24
1988.1407,352.16
1988.1598,353.04
1988.179,352.4
1988.1981,351.95
1988.2172,351.74
1988.2363,353.05
1988.2555,353.38
1988.2746,353.52
1988.2937,353.61
1988.3128,354.4
1988.332,353.92
1988.3511,354.19
1988.3702,354.19
1988.3893,354.65
1988.4085,353.94
1988.4276,354.28
1988.4467,353.66
1988.4658,353.34
1988.485,353.31
1988.5041,352.84
1988.5232,352.99
1988.5423,352.93
1988.5615,351.99
1988.5806,350.89
1988.5997,350.82
1988.6189,350.14
1988.638,350.18
1988.6571,349.53
1988.6762,348.85
1988.6954,349.13
1988.7145,348.86
1988.7336,348.75
1988.7527,348.95
1988.7719,348.69
1988.791,349.3
1988.8101,349.45
1988.8292,349.77
1988.8484,349.86
1988.8675,350.15
1988.8866,350.56
1988.9057,350.61
1988.9249,350.9
1988.944,351.44
1988.9631,351.57
1988.9822,352.08
1989.0014,352.48
1989.0205,353.15
1989.0397,353
1989.0589,352.67
1989.0781,353.31
1989.0973,352.8
1989.1164,353.29
1989.1356,353.62
1989.1548,353.77
1989.174,353.63
1989.1932,353.58
1989.2123,354.09
1989.2315,354.78
1989.2507,354.75
1989.2699,355.4
1989.289,356.08
1989.3082,356.32
1989.3274,355.76
1989.3466,355.58
1989.3658,356.11
1989.3849,355.96
1989.4041,356.13
1989.4233,355.57
1989.4425,355.46
1989.4616,354.98
1989.4808,355
1989.5,354.76
1989.5192,354.41
1989.5384,353.55
1989.5575,353.26
1989.5767,353.22
1989.5959,352.62
1989.6151,351.95
1989.6342,350.75
1989.6534,350.74
1989.6726,350.96
1989.6918,349.39
1989.711,349.55
1989.7301,349.9
1989.7493,350.41
1989.7685,349.86
1989.7877,350.34
1989.8068,350.7
1989.826,350.44
1989.8452,351.32
1989.8644,351.64
1989.8836,351.84
1989.9027,352.05
1989.9219,352.3
1989.9411,353.07
1989.9603,352.9
1989.9795,352.98
1989.9986,353.67
1990.0178,353.53
1990.037,353.93
1990.0562,353.87
1990.0753,354.34
1990.0945,354.98
1990.1137,355.03
1990.1329,355.37
1990.1521,355.12
1990.1712,355.7
1990.1904,355.73
1990.2096,355.48
1990.2288,356.07
1990.2479,356.21
1990.2671,356.11
1990.2863,356.16
1990.3055,356.81
1990.3247,356.93
1990.3438,357.65
1990.363,357.2
1990.3822,357.28
1990.4014,357.33
1990.4205,356.93
1990.4397,356.2
1990.4589,356.13
1990.4781,355.74
1990.4973,356.17
1990.5164,354.95
1990.5356,354.25
1990.5548,354.33
1990.574,353.95
1990.5932,353.13
1990.6123,353.41
1990.6315,353.01
1990.6507,351.73
1990.6699,351.09
1990.689,350.8
1990.7082,351.69
1990.7274,351.39
1990.7466,351.33
1990.7658,351.48
1990.7849,351.51
1990.8041,351.65
1990.8233,352.33
1990.8425,352.64
1990.8616,353.08
1990.8808,353.38
1990.9,353.62
1990.9192,353.83
1990.9384,354.39
1990.9575,354.26
1990.9767,354.75
1990.9959,354.71
1991.0151,354.5
1991.0342,354.93
1991.0534,354.85
1991.0726,355.52
1991.0918,355.23
1991.111,355.78
1991.1301,356.43
1991.1493,355.73
1991.1685,357.08
1991.1877,357.65
1991.2068,357.17
1991.226,357.39
1991.2452,358.34
1991.2644,357.97
1991.2836,358.65
1991.3027,359.26
1991.3219,359.19
1991.3411,358.86
1991.3603,359.34
1991.3795,359.65
1991.3986,358.74
1991.4178,358.28
1991.437,358.45
1991.4562,358.07
1991.4753,357.8
1991.4945,357.2
1991.5137,356.67
1991.5329,356.13
1991.5521,355.15
1991.5712,355.45
1991.5904,354.5
1991.6096,354.29
1991.6288,353.21
1991.6479,353.01
1991.6671,353.04
1991.6863,352.51
1991.7055,351.86
1991.7247,351.88
1991.7438,351.66
1991.763,352.05
1991.7822,352.52
1991.8014,352.69
1991.8205,352.94
1991.8397,353.75
1991.8589,353.71
1991.8781,353.83
1991.8973,354.1
1991.9164,354.56
1991.9356,354.9
1991.9548,355.14
1991.974,355.5
1991.9932,356.46
1992.0123,356.11
1992.0314,356.25
1992.0505,356.29
1992.0697,356.09
1992.0888,356.89
1992.1079,357.12
1992.127,357.29
1992.1462,357.26
1992.1653,356.62
1992.1844,357.87
1992.2036,358.3
1992.2227,358.77
1992.2418,357.96
1992.2609,359.13
1992.2801,359.16
1992.2992,359.65
1992.3183,359.26
1992.3374,359.69
1992.3566,358.94
1992.3757,359.13
1992.3948,360.4
1992.4139,360.47
1992.4331,359.77
1992.4522,358.88
1992.4713,358.64
1992.4904,358.77
1992.5096,357.68
1992.5287,356.93
1992.5478,356.36
1992.5669,355.61
1992.5861,355.27
1992.6052,355.62
1992.6243,355.33
1992.6434,354.34
1992.6626,352.89
1992.6817,354.07
1992.7008,352.87
1992.7199,352.6
1992.7391,352.86
1992.7582,353.24
1992.7773,353.58
1992.7964,353.2
1992.8156,353.17
1992.8347,354.26
1992.8538,353.94
1992.873,354.16
1992.8921,354.72
1992.9112,354.84
1992.9303,355.28
1992.9495,355.44
1992.9686,355.99
1992.9877,356.28
1993.0068,356.93
1993.026,357.22
1993.0452,356.85
1993.0644,357.05
1993.0836,357.28
1993.1027,356.99
1993.1219,357.16
1993.1411,357.79
1993.1603,358.57
1993.1795,358.32
1993.1986,358.67
1993.2178,357.84
1993.237,359.19
1993.2562,358.83
1993.2753,359.1
1993.2945,359.63
1993.3137,359.75
1993.3329,359.47
1993.3521,360.12
1993.3712,360.55
1993.3904,360.75
1993.4096,359.99
1993.4288,359.77
1993.4479,359.65
1993.4671,359.18
1993.4863,358.69
1993.5055,357.72
1993.5247,357.72
1993.5438,357.1
1993.563,356.53
1993.5822,356.43
1993.6014,355.77
1993.6205,355.41
1993.6397,354.83
1993.6589,354.8
1993.6781,354.18
1993.6973,353.84
1993.7164,353.99
1993.7356,354.16
1993.7548,354.06
1993.774,353.88
1993.7932,354.36
1993.8123,354.34
1993.8315,354.63
1993.8507,355.01
1993.8699,355.61
1993.889,355.99
1993.9082,356.14
1993.9274,356.52
1993.9466,356.64
1993.9658,357.53
1993.9849,357.48
1994.0041,358.11
1994.0233,358.12
1994.0425,358.4
1994.0616,358.24
1994.0808,358.28
1994.1,358.92
1994.1192,358.64
1994.1384,359.39
1994.1575,358.88
1994.1767,359.35
1994.1959,360.46
1994.2151,360.6
1994.2342,360.81
1994.2534,361.09
1994.2726,361.01
1994.2918,361.3
1994.311,361.81
1994.3301,361.98
1994.3493,361.38
1994.3685,361.7
1994.3877,361.51
1994.4068,361.41
1994.426,360.89
1994.4452,360.89
1994.4644,360.82
1994.4836,360.02
1994.5027,359.95
1994.5219,359.64
1994.5411,359.21
1994.5603,358.83
1994.5795,358.45
1994.5986,357.88
1994.6178,357.7
1994.637,356.87
1994.6562,356.19
1994.6753,356.48
1994.6945,355.26
1994.7137,355.67
1994.7329,355.35
1994.7521,355.7
1994.7712,355.85
1994.7904,356.14
1994.8096,356.56
1994.8288,356.68
1994.8479,356.97
1994.8671,358.15
1994.8863,357.65
1994.9055,358.07
1994.9247,358.74
1994.9438,359.38
1994.963,358.82
1994.9822,359.34
1995.0014,359.7
1995.0205,359.54
1995.0397,360.37
1995.0589,360.03
1995.0781,360.14
1995.0973,360.76
1995.1164,361.05
1995.1356,361.01
1995.1548,361.68
1995.174,361.78
1995.1932,361.1
1995.2123,361.76
1995.2315,362.84
1995.2507,363.75
1995.2699,362.81
1995.289,363.01
1995.3082,363.51
1995.3274,362.83
1995.3466,363.85
1995.3658,364.4
1995.3849,363.67
1995.4041,363.67
1995.4233,363.79
1995.4425,363.05
1995.4616,362.91
1995.4808,362.44
1995.5,362.31
1995.5192,362.1
1995.5384,361.42
1995.5575,360.99
1995.5767,360.14
1995.5959,359.76
1995.6151,358.76
1995.6342,358.66
1995.6534,357.84
1995.6726,358.31
1995.6918,358.58
1995.711,358.77
1995.7301,357.59
1995.7493,357.81
1995.7685,357.72
1995.7877,357.99
1995.8068,358.23
1995.826,358.83
1995.8452,359.09
1995.8644,359.49
1995.8836,359.8
1995.9027,359.82
1995.9219,360.21
1995.9411,360.55
1995.9603,360.62
1995.9795,361.4
1995.9986,361.84
1996.0178,362.19
1996.0369,361.91
1996.056,362.21
1996.0751,362.34
1996.0943,362.92
1996.1134,363.03
1996.1325,363.57
1996.1516,363.93
1996.1708,364.09
1996.1899,363.69
1996.209,364.45
1996.2281,364.49
1996.2473,364.25
1996.2664,364.61
1996.2855,364.7
1996.3046,364.55
1996.3238,365.02
1996.3429,364.69
1996.362,365.47
1996.3811,365.28
1996.4003,365.04
1996.4194,364.97
1996.4385,365.28
1996.4577,365.07
1996.4768,364.5
1996.4959,364.42
1996.515,363.82
1996.5342,363.5
1996.5533,363.12
1996.5724,362.04
1996.5915,362.03
1996.6107,361.79
1996.6298,361.01
1996.6489,360.86
1996.668,360.08
1996.6872,359.94
1996.7063,359.01
1996.7254,359.22
1996.7445,359.29
1996.7637,359.44
1996.7828,359.76
1996.8019,359.52
1996.821,359.98
1996.8402,360.27
1996.8593,360.85
1996.8784,361.37
1996.8975,361.25
1996.9167,361.63
1996.9358,362.23
1996.9549,362.48
1996.974,362.32
1996.9932,362.76
1997.0123,362.96
1997.0315,362.97
1997.0507,363.5
1997.0699,363.2
1997.089,363.56
1997.1082,364.29
1997.1274,363.64
1997.1466,364.74
1997.1658,363.87
1997.1849,364.16
1997.2041,364.63
1997.2233,365.19
1997.2425,365.74
1997.2616,365.96
1997.2808,366.5
1997.3,366.7
1997.3192,366.61
1997.3384,366.48
1997.3575,366.82
1997.3767,367.01
1997.3959,366.24
1997.4151,366.07
1997.4342,365.76
1997.4534,365.35
1997.4726,365.22
1997.4918,365.1
1997.511,364.78
1997.5301,364.47
1997.5493,363.6
1997.5685,363.58
1997.5877,363.19
1997.6068,362.63
1997.626,361.19
1997.6452,361.54
1997.6644,361.44
1997.6836,360.08
1997.7027,360.33
1997.7219,359.88
1997.7411,359.99
1997.7603,360.53
1997.7795,360.72
1997.7986,361.02
1997.8178,361.3
1997.837,362.05
1997.8562,362.14
1997.8753,362.52
1997.8945,363.27
1997.9137,363.95
1997.9329,364.04
1997.9521,364.33
1997.9712,364.75
1997.9904,365.03
1998.0096,365.31
1998.0288,365.31
1998.0479,365.1
1998.0671,365.38
1998.0863,365.97
1998.1055,365.62
1998.1247,365.67
1998.1438,366.67
1998.163,367.1
1998.1822,366.66
1998.2014,366.83
1998.2205,367.77
1998.2397,368.81
1998.2589,368.34
1998.2781,368.47
1998.2973,368.35
1998.3164,369.55
1998.3356,369.72
1998.3548,368.32
1998.374,369.58
1998.3932,369.94
1998.4123,369.61
1998.4315,369.14
1998.4507,368.8
1998.4699,368.75
1998.489,368.19
1998.5082,368.41
1998.5274,367.73
1998.5466,367.9
1998.5658,367.1
1998.5849,366.9
1998.6041,366.23
1998.6233,365.54
1998.6425,365.34
1998.6616,364.74
1998.6808,364.32
1998.7,363.65
1998.7192,363.51
1998.7384,364.06
1998.7575,364.1
1998.7767,364.3
1998.7959,364.53
1998.8151,364.79
1998.8342,364.94
1998.8534,365.39
1998.8726,365.95
1998.8918,365.82
1998.911,366.59
1998.9301,366.8
1998.9493,367.15
1998.9685,367.28
1998.9877,367.63
1999.0068,367.8
1999.026,368.1
1999.0452,367.82
1999.0644,369.08
1999.0836,369.27
1999.1027,369.11
1999.1219,368.62
1999.1411,369.08
1999.1603,368.03
1999.1795,369.24
1999.1986,370.18
1999.2178,370.56
1999.237,370.66
1999.2562,371.73
1999.2753,371.51
1999.2945,370.29
1999.3137,370.6
1999.3329,371.52
1999.3521,371.07
1999.3712,370.58
1999.3904,370.72
1999.4096,370.71
1999.4288,370.39
1999.4479,370.41
1999.4671,369.89
1999.4863,369.78
1999.5055,370.05
1999.5247,370.13
1999.5438,369.09
1999.563,368.27
1999.5822,367.7
1999.6014,367.35
1999.6205,366.6
1999.6397,366.27
1999.6589,365.18
1999.6781,364.36
1999.6973,365.16
1999.7164,365.05
1999.7356,364.67
1999.7548,365.15
1999.774,365.19
1999.7932,365.6
1999.8123,365.65
1999.8315,365.98
1999.8507,366.65
1999.8699,366.76
1999.889,367.08
1999.9082,367.44
1999.9274,367.87
1999.9466,367.89
1999.9658,368.27
1999.9849,368.73
2000.0041,368.74
2000.0232,368.87
2000.0423,370.03
2000.0615,370.08
2000.0806,369.26
2000.0997,369.61
2000.1189,369.98
2000.138,369.36
2000.1571,370.11
2000.1762,370.07
2000.1954,370.64
2000.2145,370.93
2000.2336,371.13
2000.2527,371.06
2000.2719,372
2000.291,372.33
2000.3101,371.92
2000.3292,370.91
2000.3484,371.88
2000.3675,371.5
2000.3866,372.08
2000.4057,371.87
2000.4249,371.92
2000.444,371.67
2000.4631,371.79
2000.4822,371.25
2000.5014,370.22
2000.5205,370.15
2000.5396,369.94
2000.5587,369.19
2000.5779,368.93
2000.597,368.48
2000.6161,368.25
2000.6352,367.56
2000.6544,367.56
2000.6735,367.18
2000.6926,367.19
2000.7117,366.74
2000.7309,366.72
2000.75,366.65
2000.7691,366.73
2000.7883,366.99
2000.8074,367.47
2000.8265,367.85
2000.8456,368.05
2000.8648,368.59
2000.8839,368.48
2000.903,368.69
2000.9221,369.68
2000.9413,369.66
2000.9604,369.64
2000.9795,369.86
2000.9986,370.17
2001.0178,370.3
2001.037,370.67
2001.0562,370.52
2001.0753,371.36
2001.0945,371.58
2001.1137,371.96
2001.1329,371.48
2001.1521,371.73
2001.1712,372.19
2001.1904,372.53
2001.2096,372.54
2001.2288,372.34
2001.2479,372.45
2001.2671,373.61
2001.2863,373.7
2001.3055,373.6
2001.3247,373.55
2001.3438,373.93
2001.363,373.74
2001.3822,373.9
2001.4014,373.87
2001.4205,373.47
2001.4397,373.05
2001.4589,373.11
2001.4781,373.02
2001.4973,372.48
2001.5164,371.34
2001.5356,371.3
2001.5548,370.87
2001.574,370.88
2001.5932,369.92
2001.6123,369.2
2001.6315,369.32
2001.6507,369.28
2001.6699,368.33
2001.689,368.56
2001.7082,368.05
2001.7274,367.81
2001.7466,368.07
2001.7658,368.29
2001.7849,368.18
2001.8041,368.71
2001.8233,369.12
2001.8425,369.09
2001.8616,369.83
2001.8808,370.22
2001.9,370.44
2001.9192,370.78
2001.9384,371.23
2001.9575,371.26
2001.9767,371.69
2001.9959,372.2
2002.0151,372.2
2002.0342,372.74
2002.0534,372.58
2002.0726,372.82
2002.0918,372.95
2002.111,373
2002.1301,373.08
2002.1493,373.74
2002.1685,373.88
2002.1877,374.13
2002.2068,374.64
2002.226,374.28
2002.2452,374.26
2002.2644,374.53
2002.2836,375.23
2002.3027,375.41
2002.3219,376.05
2002.3411,375.6
2002.3603,375.07
2002.3795,375.93
2002.3986,376.24
2002.4178,375.9
2002.437,375.45
2002.4562,375.23
2002.4753,375.49
2002.4945,374.82
2002.5137,374.47
2002.5329,374.01
2002.5521,373.34
2002.5712,373.33
2002.5904,372.57
2002.6096,371.81
2002.6288,371.33
2002.6479,370.93
2002.6671,370.26
2002.6863,371.63
2002.7055,370.83
2002.7247,370.5
2002.7438,369.88
2002.763,369.91
2002.7822,371.24
2002.8014,370.68
2002.8205,371.06
2002.8397,371.97
2002.8589,371.86
2002.8781,372.73
2002.8973,372.77
2002.9164,373.04
2002.9356,373.59
2002.9548,373.57
2002.974,374.47
2002.9932,374.69
2003.0123,374.55
2003.0315,375.02
2003.0507,374.92
2003.0699,375.3
2003.089,375.17
2003.1082,375.11
2003.1274,376.38
2003.1466,376.02
2003.1658,376.3
2003.1849,376.36
2003.2041,375.96
2003.2233,377
2003.2425,376.85
2003.2616,377.13
2003.2808,377.79
2003.3,378.35
2003.3192,378.63
2003.3384,378.07
2003.3575,378.07
2003.3767,379.43
2003.3959,378.72
2003.4151,378.42
2003.4342,378.49
2003.4534,378.12
2003.4726,378.31
2003.4918,377.58
2003.511,376.57
2003.5301,377.23
2003.5493,376.39
2003.5685,375.91
2003.5877,374.94
2003.6068,374.67
2003.626,373.89
2003.6452,373.44
2003.6644,373.21
2003.6836,373.12
2003.7027,372.88
2003.7219,373.35
2003.7411,373.28
2003.7603,372.92
2003.7795,372.79
2003.7986,373.43
2003.8178,373.4
2003.837,373.96
2003.8562,374.52
2003.8753,374.89
2003.8945,375.27
2003.9137,375.32
2003.9329,375.74
2003.9521,376.34
2003.9712,376.14
2003.9904,376.35
2004.0096,376.34
2004.0287,376.95
2004.0478,377.12
2004.0669,377.95
2004.0861,377.87
2004.1052,378.43
2004.1243,377.49
2004.1434,377.62
2004.1626,378.29
2004.1817,378.96
2004.2008,379.23
2004.2199,378.5
2004.2391,379.72
2004.2582,380
2004.2773,380.73
2004.2964,380.38
2004.3156,380.64
2004.3347,380.72
2004.3538,380.71
2004.373,380.25
2004.3921,381.07
2004.4112,379.94
2004.4303,380.09
2004.4495,380.16
2004.4686,379.37
2004.4877,379.14
2004.5068,378.33
2004.526,377.89
2004.5451,376.74
2004.5642,376.42
2004.5833,376.76
2004.6025,376.26
2004.6216,375.77
2004.6407,376.09
2004.6598,373.99
2004.679,374.44
2004.6981,374.05
2004.7172,374.4
2004.7363,374.31
2004.7555,373.98
2004.7746,374.22
2004.7937,374.57
2004.8128,374.96
2004.832,375.31
2004.8511,375.44
2004.8702,376.8
2004.8893,376.73
2004.9085,376.82
2004.9276,377.54
2004.9467,377.24
2004.9658,377.78
2004.985,377.83
2005.0041,378.21
2005.0233,378.44
2005.0425,378.35
2005.0616,378.63
2005.0808,379.42
2005.1,379.23
2005.1192,379.92
2005.1384,379.87
2005.1575,381.36
2005.1767,380.06
2005.1959,381.28
2005.2151,380.22
2005.2342,381.76
2005.2534,382.3
2005.2726,382.1
2005.2918,382.18
2005.311,382.57
2005.3301,381.94
2005.3493,381.98
2005.3685,382.63
2005.3877,383.01
2005.4068,382.79
2005.426,382.63
2005.4452,382.41
2005.4644,381.95
2005.4836,381.36
2005.5027,381.11
2005.5219,380.85
2005.5411,380.74
2005.5603,380.14
2005.5795,379.83
2005.5986,378.9
2005.6178,378.83
2005.637,378
2005.6562,377.95
2005.6753,377.32
2005.6945,376.16
2005.7137,376.35
2005.7329,376.46
2005.7521,376.65
2005.7712,376.91
2005.7904,376.91
2005.8096,377.52
2005.8288,377.8
2005.8479,377.94
2005.8671,378.86
2005.8863,378.48
2005.9055,379.02
2005.9247,379.93
2005.9438,380.18
2005.963,380.24
2005.9822,380.49
2006.0014,381.26
2006.0205,381.2
2006.0397,381.55
2006.0589,381.62
2006.0781,381.62
2006.0973,382.28
2006.1164,382.59
2006.1356,381.94
2006.1548,382.14
2006.174,382.89
2006.1932,382.89
2006.2123,382.91
2006.2315,382.43
2006.2507,384.17
2006.2699,384.74
2006.289,384.86
2006.3082,384.76
2006.3274,384.88
2006.3466,385.03
2006.3658,385.32
2006.3849,384.96
2006.4041,384.66
2006.4233,384.18
2006.4425,384.28
2006.4616,383.93
2006.4808,383.44
2006.5,383.11
2006.5192,382.83
2006.5384,381.8
2006.5575,382.11
2006.5767,381.51
2006.5959,380.59
2006.6151,380.4
2006.6342,379.79
2006.6534,379.55
2006.6726,378.69
2006.6918,379.14
2006.711,378.66
2006.7301,378.87
2006.7493,378.92
2006.7685,378.9
2006.7877,378.93
2006.8068,379.48
2006.826,379.64
2006.8452,379.76
2006.8644,380
2006.8836,380.38
2006.9027,381.24
2006.9219,381.47
2006.9411,381.7
2006.9603,382.18
2006.9795,382
2006.9986,382.08
2007.0178,382.92
2007.037,382.43
2007.0562,383.55
2007.0753,383.67
2007.0945,383.26
2007.1137,384.81
2007.1329,384.71
2007.1521,384
2007.1712,383.41
2007.1904,384.33
2007.2096,385.08
2007.2288,385.85
2007.2479,385.85
2007.2671,385.78
2007.2863,387.29
2007.3055,386.96
2007.3247,386.6
2007.3438,386.25
2007.363,386.65
2007.3822,386.51
2007.4014,386.91
2007.4205,386.9
2007.4397,386.43
2007.4589,385.7
2007.4781,385.04
2007.4973,385.38
2007.5164,385.12
2007.5356,384.08
2007.5548,383.8
2007.574,382.87
2007.5932,382.39
2007.6123,381.87
2007.6315,382.09
2007.6507,381.62
2007.6699,381.52
2007.689,380.65
2007.7082,380.79
2007.7274,380.67
2007.7466,380.87
2007.7658,380.94
2007.7849,381.02
2007.8041,381.34
2007.8233,381.75
2007.8425,382.01
2007.8616,382.21
2007.8808,383.04
2007.9,382.87
2007.9192,383.66
2007.9384,383.68
2007.9575,384.38
2007.9767,383.88
2007.9959,384.76
2008.015,384.39
2008.0342,385.79
2008.0533,385.99
2008.0724,386.76
2008.0915,386.01
2008.1107,385.95
2008.1298,385.3
2008.1489,385.36
2008.168,385.81
2008.1872,385.72
2008.2063,385.82
2008.2254,386.74
2008.2445,388.09
2008.2637,386.73
2008.2828,386.48
2008.3019,387.33
2008.321,387.27
2008.3402,388.52
2008.3593,388.87
2008.3784,388.89
2008.3975,388.59
2008.4167,388.54
2008.4358,387.47
2008.4549,387.88
2008.474,387.34
2008.5505,386.37
2008.5697,384.9
2008.5888,385.23
2008.6079,383.93
2008.627,383.68
2008.6462,383.3
2008.6653,383.51
2008.6844,383.03
2008.7036,383.37
2008.7227,383.06
2008.7418,382.75
2008.7609,382.87
2008.7801,382.85
2008.7992,383.07
2008.8183,383.99
2008.8374,383.79
2008.8566,384.11
2008.8757,384.34
2008.8948,384.49
2008.9139,385.05
2008.9331,385.29
2008.9522,385.54
2008.9713,385.93
2008.9904,386.23
2009.0096,386.4
2009.0288,387.02
2009.0479,387.14
2009.0671,387.5
2009.0863,387.03
2009.1055,386.94
2009.1247,387.62
2009.1438,388.22
2009.163,389.08
2009.1822,388.8
2009.2014,388.2
2009.2205,389.29
2009.2397,389.04
2009.2589,389.43
2009.2781,388.93
2009.2973,389.56
2009.3164,390.52
2009.3356,389.76
2009.3548,390.17
2009.374,390.38
2009.3932,390.41
2009.4123,389.85
2009.4315,390.2
2009.4507,389.42
2009.4699,388.49
2009.489,388.69
2009.5082,388.48
2009.5274,388.36
2009.5466,387.68
2009.5658,387.37
2009.5849,387.06
2009.6041,386.01
2009.6233,385.7
2009.6425,385.86
2009.6616,385.15
2009.6808,384.69
2009.7,384.76
2009.7192,384.62
2009.7384,384.03
2009.7575,383.88
2009.7767,384.38
2009.7959,384.71
2009.8151,385.01
2009.8342,385.36
2009.8534,385.69
2009.8726,386.34
2009.8918,386.38
2009.911,387.07
2009.9301,386.97
2009.9493,386.87
2009.9685,388.4
2009.9877,388.6
2010.0068,388.17
2010.026,388.33
2010.0452,388.33
2010.0644,389.01
2010.0836,390.71
2010.1027,390.35
2010.1219,390.22
2010.1411,389.57
2010.1603,390.93
2010.1795,391.38
2010.1986,391.17
2010.2178,390.29
2010.237,391.77
2010.2562,391.19
2010.2753,392.71
2010.2945,393.3
2010.3137,393.2
2010.3329,393.01
2010.3521,392.6
2010.3712,393.42
2010.3904,392.71
2010.4096,393.3
2010.4288,392.75
2010.4479,391.85
2010.4671,391.64
2010.4863,391.15
2010.5055,390.55
2010.5247,389.85
2010.5438,390.26
2010.563,389.82
2010.5822,388.86
2010.6014,388.82
2010.6205,388.47
2010.6397,387.62
2010.6589,387.53
2010.6781,386.14
2010.6973,387.06
2010.7164,386.78
2010.7356,386.78
2010.7548,386.95
2010.774,386.84
2010.7932,387.43
2010.8123,387.83
2010.8315,388.05
2010.8507,387.96
2010.8699,388.63
2010.889,389.49
2010.9082,389.66
2010.9274,389.78
2010.9466,389.44
2010.9658,390.15
2010.9849,389.94
2011.0041,391.64
2011.0233,390.76
2011.0425,391.52
2011.0616,391.37
2011.0808,392.07
2011.1,391.44
2011.1192,391.65
2011.1384,392.05
2011.1575,392.06
2011.1767,391.88
2011.1959,392.49
2011.2151,392.89
2011.2342,394
2011.2534,393
2011.2726,393.08
2011.2918,393.55
2011.311,393.31
2011.3301,394.14
2011.3493,392.89
2011.3685,394.91
2011.3877,394.85
2011.4068,394.19
2011.426,393.49
2011.4452,393.79
2011.4644,393.54
2011.4836,393.45
2011.5027,393.5
2011.5219,393.29
2011.5411,391.32
2011.5603,391.98
2011.5795,391.19
2011.5986,390.6
2011.6178,390.14
2011.637,389.39
2011.6562,389.52
2011.6753,389.04
2011.6945,389.14
2011.7137,389.08
2011.7329,388.67
2011.7521,388.77
2011.7712,388.8
2011.7904,389.03
2011.8096,389.24
2011.8288,389.61
2011.8479,389.76
2011.8671,390.44
2011.8863,390.51
2011.9055,391.15
2011.9247,391.36
2011.9438,392.01
2011.963,392.35
2011.9822,392.2
2012.0014,392.96
2012.0205,393.37
2012.0396,392.97
2012.0587,393.34
2012.0779,393.24
2012.097,393.71
2012.1161,393.49
2012.1352,394.44
2012.1544,394.26
2012.1735,393.55
2012.1926,394.27
2012.2117,394.79
2012.2309,395.12
2012.25,395.32
2012.2691,396.62
2012.2883,396.16
2012.3074,396.61
2012.3265,396.92
2012.3456,397.12
2012.3648,396.99
2012.3839,396.12
2012.403,396.3
2012.4221,395.73
2012.4413,396.24
2012.4604,395.57
2012.4795,395.25
2012.4986,394.96
2012.5178,394.36
2012.5369,394.47
2012.556,394.08
2012.5751,393.43
2012.5943,393.24
2012.6134,392.49
2012.6325,391.36
2012.6516,391.79
2012.6708,391.86
2012.6899,390.91
2012.709,390.79
2012.7281,390.89
2012.7473,390.81
2012.7664,390.96
2012.7855,390.89
2012.8046,391.33
2012.8238,391.56
2012.8429,392.29
2012.862,393.26
2012.8811,393.16
2012.9003,393.71
2012.9194,393.64
2012.9385,394.4
2012.9577,394.53
2012.9768,394.84
2012.9959,394.5
2013.0151,395.34
2013.0342,395.98
2013.0534,395.78
2013.0726,395.77
2013.0918,396.63
2013.111,396.97
2013.1301,397.15
2013.1493,396.73
2013.1685,397.65
2013.1877,396.94
2013.2068,397.36
2013.226,397.96
2013.2452,398.07
2013.2644,397.76
2013.2836,397.96
2013.3027,399.2
2013.3219,399.53
2013.3411,399.52
2013.3603,399.74
2013.3795,399.93
2013.3986,399.88
2013.4178,399.18
2013.437,398.61
2013.4562,398.14
2013.4753,398.64
2013.4945,398.24
2013.5137,397.74
2013.5329,397.08
2013.5521,396.82
2013.5712,396.68
2013.5904,395.67
2013.6096,395.13
2013.6288,395.15
2013.6479,394.22
2013.6671,393.85
2013.6863,393.35
2013.7055,393.3
2013.7247,393.38
2013.7438,393.31
2013.763,393.34
2013.7822,393.68
2013.8014,393.98
2013.8205,394.24
2013.8397,394.46
2013.8589,395.53
2013.8781,394.87
2013.8973,396
2013.9164,396.26
2013.9356,396.14
2013.9548,397.43
2013.974,397.27
2013.9932,397.41
2014.0123,398.23
2014.0315,397.74
2014.0507,397.97
2014.0699,397.83
2014.089,397.96
2014.1082,397.87
2014.1274,398.08
2014.1466,397.97
2014.1658,398.43
2014.1849,399.8
2014.2041,401.24
2014.2233,400.06
2014.2425,400.62
2014.2616,401.12
2014.2808,401.74
2014.3,401.59
2014.3192,401.74
2014.3384,401.71
2014.3575,401.71
2014.3767,401.75
2014.3959,401.82
2014.4151,401.82
2014.4342,401.5
2014.4534,401.03
2014.4726,400.94
2014.4918,400.22
2014.511,399.84
2014.5301,398.76
2014.5493,398.84
2014.5685,397.42
2014.5877,397.78
2014.6068,397.23
2014.626,396.77
2014.6452,396.32
2014.6644,396.37
2014.6836,395.02
2014.7027,395.08
2014.7219,395.45
2014.7411,395.33
2014.7603,395.56
2014.7795,395.65
2014.7986,395.86
2014.8178,397.51
2014.837,396.77
2014.8562,397.22
2014.8753,397.32
2014.8945,397.87
2014.9137,398.2
2014.9329,399.12
2014.9521,399.11
2014.9712,398.92
2014.9904,399.84
2015.0096,399.85
2015.0288,400.16
2015.0479,399.51
2015.0671,400.2
2015.0863,400.23
2015.1055,399.95
2015.1247,399.93
2015.1438,401.12
2015.163,401.28
2015.1822,402.04
2015.2014,400.78
2015.2205,401.77
2015.2397,401.96
2015.2589,403.44
2015.2781,404.04
2015.2973,403.07
2015.3164,403.8
2015.3356,404.13
2015.3548,403.96
2015.374,403.97
2015.3932,403.81
2015.4123,403.21
2015.4315,403.24
2015.4507,402.39
2015.4699,402.7
2015.489,402.17
2015.5082,401.73
2015.5274,401.39
2015.5466,401.25
2015.5658,400.21
2015.5849,398.36
2015.6041,399.19
2015.6233,399.14
2015.6425,398.85
2015.6616,398.49
2015.6808,397.77
2015.7,397.24
2015.7192,397.33
2015.7384,397.2
2015.7575,398.37
2015.7767,398.18
2015.7959,398.52
2015.8151,398.48
2015.8342,399.06
2015.8534,400.43
2015.8726,400.35
2015.8918,400.37
2015.911,400.8
2015.9301,401.31
2015.9493,402.35
2015.9685,402.6
2015.9877,402.07
2016.0068,402.11
2016.026,402.48
2016.0451,402.57
2016.0642,403.11
2016.0833,404.55
2016.1025,403.82
2016.1216,403.62
2016.1407,404.35
2016.1598,404.01
2016.179,403.97
2016.1981,404.74
2016.2172,405.48
2016.2363,405.42
2016.2555,406.57
2016.2746,408.69
2016.2937,407.42
2016.3128,407.79
2016.332,407.54
2016.3511,407.84
2016.3702,407.29
2016.3893,408.31
2016.4085,407.53
2016.4276,406.86
2016.4467,407.2
2016.4658,406.64
2016.485,405.97
2016.5041,405.57
2016.5232,404.48
2016.5423,403.39
2016.5615,403.83
2016.5806,403.47
2016.5997,402.88
2016.6189,401.85
2016.638,401.97
2016.6571,400.98
2016.6762,400.97
2016.6954,401.33
2016.7145,400.87
2016.7336,400.72
2016.7527,400.91
2016.7719,401.57
2016.791,401.65
2016.8101,402.07
2016.8292,402.81
2016.8484,402.76
2016.8675,403.74
2016.8866,403.98
2016.9057,404.38
2016.9249,403.87
2016.944,404.82
2016.9631,404.41
2016.9822,404.74
2017.0014,405.91
2017.0205,405.98
2017.0397,406.14
2017.0589,406.48
2017.0781,406.2
2017.0973,406.03
2017.1164,405.91
2017.1356,406.91
2017.1548,407.37
2017.174,406.1
2017.1932,407.06
2017.2123,406.77
2017.2315,408.37
2017.2507,407.6
2017.2699,408.85
2017.289,409.61
2017.3082,409.92
2017.3274,409.13
2017.3466,409.28
2017.3658,410.36
2017.3849,409.96
2017.4041,409.52
2017.4233,409.65
2017.4425,409.39
2017.4616,408.26
2017.4808,407.71
2017.5,407.99
2017.5192,407.01
2017.5384,406.74
2017.5575,406.67
2017.5767,406.41
2017.5959,405.48
2017.6151,405.14
2017.6342,404.48
2017.6534,404.19
2017.6726,403.71
2017.6918,403.7